"ID","chr","start","end","rest","o1","o2","o3","o4","o5","o6","o7","o8","o9"
"chr15|21228594|21229091|L1M5:L1:LINE|276|+","chr15","21228594","21229091","L1M5:L1:LINE",2.5588033308556,2.88430867914627,8.05207963589534,9.04182270760747,6.72471597643389,9.60282841582215,11.0629861948295,2.07566243294204,2.21544627452734
"chr17|70182967|70183275|AluSg:Alu:SINE|98|+","chr17","70182967","70183275","AluSg:Alu:SINE",16.5159124082498,24.8225352993194,27.8424182215212,35.2596836268253,44.9551629723291,28.4083673968072,203.062368763618,40.1923725651504,43.6140809771722
"chr3|34787789|34787905|AmnSINE1:SINE:SINE|330|-","chr3","34787789","34787905","AmnSINE1:SINE:SINE",160.792848388363,341.898325642134,448.486952823447,351.884095933347,592.702552957414,260.573300950025,213.296281247726,589.911613808237,654.950854244534
"chr5|120051058|120051324|AluJo:Alu:SINE|186|+","chr5","120051058","120051324","AluJo:Alu:SINE",7.96820335485735,16.1673091752146,15.0446751091729,8.44696595052803,5.384828958573,4.48553169423272,7.75136861677202,9.04915990501924,10.7624047967828
"chr8|17610499|17610617|L1MC5:L1:LINE|246|-","chr8","17610499","17610617","L1MC5:L1:LINE",21.5546653463599,72.8899023831709,48.4489537414042,9.520732808646,36.4160466859428,13.4819370696712,46.5957977866973,78.6816784961843,46.6557965440715
